Title,Price,Location,Date,Description,Wohnfläche,Zimmer,Schlafzimmer,Badezimmer,Grundstücksfläche,Haustyp,Etagen,Baujahr,Provision,Art,Fläche,Online-Besichtigung,Grundstücksart,Angebotsart,Garagen / Stellplatztyp,Verfügbar ab,Wohnungstyp,Lage,Nebenkosten,Heizkosten,Kaution / Genoss.-Anteile,Etage,Warmmiete,Kaution,Objektart,Tauschangebot,Verfügbar ab Monat
Einfamilienhaus mit zusätzlichem Bauplatz in bevorzugter zentraler Lage  in Rhauderfehn,359.000 €,26817 Niedersachsen - Rhauderfehn,20.07.2024,"# Objektbeschreibung
Wir freuen uns, Ihnen dieses gepflegte Einfamilienhaus in Rhauderfehn zum Kauf...",190 m²,5,3,1,1.056 m²,Einfamilienhaus freistehend,2,1972,Mit Provision,,,,,,,,,,,,,,,,,,
"RESERVIERT: Seltene Gelegenheit - Top gepflegt, ruhige Lage! Bungalow mit ausgebautem Dachgeschoss und 2 Garagen zum fairen Preis",299.000 €,26817 Niedersachsen - Rhauderfehn,08.07.2024,"# Objektbeschreibung
Wir freuen uns, Ihnen dieses gepflegte Einfamilienhaus in Rhauderfehn zum Kauf...",190 m²,7,4,2,674 m²,Bungalow,2,1992,Mit Provision,,,,,,,,,,,,,,,,,,
Einfamilienhaus mit zusätzlichem Bauplatz in bevorzugter zentraler Lage  in Rhauderfehn,359.000 €,26817 Niedersachsen - Rhauderfehn,20.07.2024,"# Objektbeschreibung
Wir freuen uns, Ihnen dieses gepflegte Einfamilienhaus in Rhauderfehn zum Kauf...",190 m²,5,3,1,1.056 m²,Einfamilienhaus freistehend,2,1972,Mit Provision,,,,,,,,,,,,,,,,,,
Leben auf einer Ebene – Doppelhaushälfte in Rhauderfehn,179.000 €,26817 Niedersachsen - Rhauderfehn,20.07.2024,"# Objektbeschreibung
Die modern geschnittene und hochwertig ausgestattete Wohnung befindet sich in...","73,89 m²",2,1,1,347 m²,Doppelhaushälfte,1,2006,Mit Provision,,,,,,,,,,,,,,,,,,
"Ca. 1,26 ha Acker- & 773 m² Gehölzfläche in Rhauderfehn zu verkaufen",VB,26817 Niedersachsen - Rhauderfehn,20.07.2024,"Käuferprovision: 5,95 %

Grundstücksfläche: ca. 52190 m²

# Sonstiges
Fläche: 52.190...",,,,,,,,,Mit Provision,Kaufen,13.416 m²,,,,,,,,,,,,,,,,
"Ca. 5,2 ha Ackerfläche in Rhauderfehn zu verkaufen",VB,26817 Niedersachsen - Rhauderfehn,20.07.2024,"Käuferprovision: 5,95 %

Grundstücksfläche: ca. 13416 m²

# Sonstiges
Fläche: 13.416...",,,,,,,,,Mit Provision,Kaufen,52.190 m²,,,,,,,,,,,,,,,,
*Einfamilienhaus mit Einliegerwohnung - ohne zus. Käuferprovision!**,209.000 €,26817 Niedersachsen - Rhauderfehn,20.07.2024,"# Objektbeschreibung
Zum Verkauf steht ein charmantes Einfamilienhaus in traumhaft ruhiger Lage von...","171,80 m²",6,4,2,3.298 m²,Einfamilienhaus freistehend,,,Keine zusätzliche Käuferprovision,,,,,,,,,,,,,,,,,,
Renoviertes Wohnhaus in bevorzugter Lage von Rhauderfehn,245.000 €,26817 Niedersachsen - Rhauderfehn,19.07.2024,"# Objektbeschreibung
Dieses Wohn- und Geschäftshaus in zentraler Lage von Rhauderfehn überzeugt...",92 m²,4,,,745 m²,Einfamilienhaus freistehend,,1971,Mit Provision,,,Möglich,,,,,,,,,,,,,,,
Bungalow aus den 70er Jahren in Sackgassenlage,189.000 €,26817 Niedersachsen - Rhauderfehn,19.07.2024,"# Objektbeschreibung
Dieses in Massivbauweise im Jahre 1992 errichtete Einfamilienhaus mit...",144 m²,6,4,2,819 m²,Bungalow,,1973,Mit Provision,,,,,,,,,,,,,,,,,,
Tolles Baugrundstück! Sofortige Bebauung möglich!,93.555 €,26817 Niedersachsen - Rhauderfehn,19.07.2024,"# Objektbeschreibung
Dieses Baugrundstück liegt in Rhauderfehn und ist eins von drei angebotenen...",,,,,693 m²,,,,Mit Provision,,,,Baugrundstück,Kaufen,,,,,,,,,,,,,
Tolles Baugrundstück! Sofortige Bebauung möglich!,96.120 €,26817 Niedersachsen - Rhauderfehn,19.07.2024,"# Objektbeschreibung
Dieses Baugrundstück liegt in Rhauderfehn und ist eins von drei angebotenen...",,,,,712 m²,,,,Mit Provision,,,,Baugrundstück,Kaufen,,,,,,,,,,,,,
Tolles Baugrundstück! Sofortige Bebauung möglich!,121.500 €,26817 Niedersachsen - Rhauderfehn,19.07.2024,"# Objektbeschreibung
Dieses Baugrundstück liegt in Rhauderfehn und ist eins von drei angebotenen...",,,,,900 m²,,,,Mit Provision,,,,Baugrundstück,Kaufen,,,,,,,,,,,,,
Wohnmobil / PKW / Oldtimer Stellplatz,150 €,26817 Niedersachsen - Rhauderfehn,19.07.2024,Wohnen am See! In beliebter Wohnlage von Rhauderfehn entstehen derzeit moderne Reihenhäuser. Die...,,,,,,,,,,Mieten,,,,,Garage,Oktober 2024,,,,,,,,,,,
Modernes Reihenendhaus in Rhauderfehn - Rhaudermoor mit Garten und Stellplatz,165.000 €,26817 Niedersachsen - Rhauderfehn,19.07.2024,"# Objektbeschreibung
gepflegtes Reihenendhaus - Baujahr 1994 - die anteilige Grundstücksgröße...",108 m²,4,3,1,352 m²,Reihenhaus,,1994,Mit Provision,,,,,,,,,,,,,,,,,,
**EBENERDIG &  ZENTRAL WOHNEN** Bungalow mit schöner Raumaufteilung,279.000 €,26817 Niedersachsen - Rhauderfehn,19.07.2024,"# Objektbeschreibung
Im Winter wie im Sommer ein Hingucker.

Die schönen Sommerfotos, die uns die...",104 m²,3,2,1,711 m²,Einfamilienhaus freistehend,,2000,Mit Provision,,,,,,,,,,,,,,,,,,
Rhauderfehn: Wohn- und Geschäftshaus in zentraler Toplage !,285.000 €,26817 Niedersachsen - Rhauderfehn,19.07.2024,"# Objektbeschreibung
Direkt einziehen und wohlfühlen!

Dieses helle und freundliche Objekt aus den...",109 m²,11,,,927 m²,,,,Mit Provision,,,Möglich,,,,,,,,,,,,,,,
Renovierter Ferienhaushälfte am Wasser in den Niederlanden,199.500 €,26817 Niedersachsen - Rhauderfehn,19.07.2024,"# Objektbeschreibung
Sie möchten gern ein Ferienhaus in den Niederlanden erwerben. Dies ist ihre...",83 m²,4,3,2,322 m²,Andere Haustypen,,1994,Keine zusätzliche Käuferprovision,,,,,,,,,,,,,,,,,,
"+++ Weißer Bungalow - geschmackvoll renoviert, nur 3 Min. vom See entfernt – tolle Lage ! +++",249.000 €,26817 Niedersachsen - Rhauderfehn,19.07.2024,"Diese Immobilie punktet durch die tolle Sonnen-Dach-Terrasse, der modernen Ausstattung, idealer...",83 m²,3,2,1,755 m²,Bungalow,1,1986,Mit Provision,,,,,,,,,,,,,,,,,,
*reserviert*  KAUFPREISSENKUNG *** Wunderschönes Wohnhaus in Sackgassenlage OFFENER WOHNBEREICH ESSEN&WOHNEN&KAMIN,349.000 €,26817 Niedersachsen - Rhauderfehn,18.07.2024,"# Objektbeschreibung
Im Winter wie im Sommer ein Hingucker.

Die schönen Sommerfotos, die uns die...",159 m²,7,4,2,1.018 m²,Einfamilienhaus freistehend,,1980,Mit Provision,,,,,,,,,,,,,,,,,,
Stilvolle Wohnung zu vermieten,680 €,26817 Niedersachsen - Rhauderfehn,18.07.2024,Verkaufe meine Kommode,85 m²,2,1,1,,,,,,,,,,,,Oktober 2024,Etagenwohnung,,,,,,,,,,
Provisionsfrei - nicht verpassen! Einfamilienhaus in 26817 Rhauderfehn,497.000 €,26817 Niedersachsen - Rhauderfehn,18.07.2024,"# Objektbeschreibung
FÜR EINE SCHNELLE BEARBEITUNG IHRER ANFRAGE, GEBEN SIE BITTE EINE...",220 m²,,,,749 m²,,,2015,Keine zusätzliche Käuferprovision,,,,,,,,,,,,,,,,,,
FeWo Ferienwohnung Haus Hund Apartment Urlaub,85 €,26817 Niedersachsen - Rhauderfehn,18.07.2024,"Buchungslücken im Sommer!!
Sie möchten einen Last Minute Urlaub? Schreiben sie uns gerne eine...",,,,,,,,,,Mieten,,,,,,,,Inland,,,,,,,,,
Resthof mit Land für Naturverbundene Familie,600.000 €,26817 Niedersachsen - Rhauderfehn,18.07.2024,Sie haben eine passende Immobilie anzubieten? Kontaktieren Sie uns gerne schriftlich per...,200 m²,5,2,2,10.000 m²,,2,1900,,,,,,,,,,,,,,,,,,,
*** Einfamilienhaus im Herzen Ostfrieslands *** wunderbare Lage und tolles Grundstück,189.000 €,26817 Niedersachsen - Rhauderfehn,17.07.2024,"# Objektbeschreibung
Das Haus wurde in Massivbauweise errichtet und bietet Ihnen eine Wohnfläche...","83,35 m²",4,3,1,2.394 m²,Einfamilienhaus freistehend,2,1960,Mit Provision,,,,,,,,,,,,,,,,,,
Exklusive Erdgeschoss-Neubauwohnung im Zentrum von Rhauderfehn,1.090 €,26817 Niedersachsen - Rhauderfehn,17.07.2024,Wir sind auf der Suche nach einer zuverlässigen und gründlichen Putzfee für die Reinigung unserer...,100 m²,3,,,,,,,,,,,,,,November 2024,Erdgeschosswohnung,,80 €,0 €,2.180 €,,,,,,
Ruhige Zentrumslage Rhauderfehn Ostfriesland nähe Nordsee,259.000 €,26817 Niedersachsen - Rhauderfehn,17.07.2024,In bester Zentrumslage erwartet Sie eine gepflegte Immobilie mit vielfältigen...,120 m²,4,,1,677 m²,Einfamilienhaus freistehend,1,1980,Keine zusätzliche Käuferprovision,,,,,,,August 2024,,,,,,,,,,,
!!Einmalige Gelegenheit im Zentrum!! Vielseitig verwendbares Zweifamilienhaus mit großem Grundstück (evtl. bebaubar) in Top Lage von Rhauderfehn,449.000 €,26817 Niedersachsen - Rhauderfehn,17.07.2024,"Auch diese Immobilie in Nortmoor wurde über uns verkauft.

Bewertung Ihrer Immobilie und Beratung...",254 m²,5,,,1.147 m²,Mehrfamilienhaus,,1928,Keine zusätzliche Käuferprovision,,,,,,,,,,,,,,,,,,
RESERVIERT * Vorfreude auf den Sommer * gepflegter Bungalow mit wunderschönem Grundstück in zentrumsnaher Lage,315.000 €,26817 Niedersachsen - Rhauderfehn,13.07.2024,"# Objektbeschreibung
Zwischen Papenburg und Rhauderfehn gelegen, können Sie Ihre Kreativität...","124,01 m²",5,3,1,933 m²,Einfamilienhaus freistehend,,1994,Mit Provision,,,,,,,,,,,,,,,,,,
Exklusive Erdgeschoss-Neubauwohnung im Zentrum von Rhauderfehn,1.090 €,26817 Niedersachsen - Rhauderfehn,17.07.2024,Wir sind auf der Suche nach einer zuverlässigen und gründlichen Putzfee für die Reinigung unserer...,100 m²,3,,,,,,,,,,,,,,November 2024,Erdgeschosswohnung,,80 €,0 €,2.180 €,,,,,,
Last Minute 22.7-26.7 Große Ferienwohnung in Rhauderfehn bis 5P,98 €,26817 Niedersachsen - Rhauderfehn,17.07.2024,"Frei verfügbar ab dem 31.08.2024

**www.adloffs-feriendomizile.de**

Herzlich Willkommen in...",,,,,,,,,,Mieten,,,,,,Juli 2024,,Inland,,,,,,,,,
Resthof mit Weide zu vermieten,VB,26817 Niedersachsen - Rhauderfehn,17.07.2024,"# Objektbeschreibung
**Altes Kapitänshaus** Exkl. Ferienhaus für bis zu 8 Personen, Ostfriesland...",200 m²,8,5,2,,,,,,,,,,,,,,,,,,2,,,,,
Kapitalanleger aufgepasst! Modernes Mehrfamilienhaus mit acht Wohnungen in zentraler Lage!,1.500.000 €,26817 Niedersachsen - Rhauderfehn,17.07.2024,"# Objektbeschreibung
Sie suchen eine moderne Kapitalanlage in ansprechender Architektur? Hier...",672 m²,16,14,8,980 m²,,,2014,Mit Provision,,,,,,,,,,,,,,,,,,
Kapitalanleger aufgepasst! Modernes Mehrfamilienhaus mit acht Wohnungen in zentraler Lage!,1.500.000 €,26817 Niedersachsen - Rhauderfehn,17.07.2024,"# Objektbeschreibung
Sie suchen eine moderne Kapitalanlage in ansprechender Architektur? Hier...",672 m²,16,14,8,980 m²,Mehrfamilienhaus,,2014,Mit Provision,,,,,,,,,,,,,,,,,,
4 ZKB ab 1.9 zu vermieten,770 €,26817 Niedersachsen - Rhauderfehn,16.07.2024,"Helle, große Oberwohnung,
neuer Brennwertkessel,
Strom und Gas extra,
Bitte Mieterselbstauskunft...",90 m²,4,,1,,,,,,,,,,,,September 2024,Dachgeschosswohnung,,,,2.300 €,,,,,,
Einfamilienhaus mit Einliegerwohnung  * 2 separate Auffahrten *  ** wunderschön ruhig gelegen **,285.000 €,26817 Niedersachsen - Rhauderfehn,16.07.2024,"# Objektbeschreibung
Zwischen Papenburg und Rhauderfehn gelegen, können Sie Ihre Kreativität...","183,59 m²",9,5,2,3.436 m²,,,1962,Mit Provision,,,,,,,,,,,,,,,,,,
WIR VERKAUFEN AM LIEBSTEN TÄGLICH!!!,320.000 €,26817 Niedersachsen - Rhauderfehn,16.07.2024,"# Objektbeschreibung
Bungalows und Einfamilienhäuser in jeder Größe und Preisklasse! Sie haben das...",150 m²,3,,,,Einfamilienhaus freistehend,,,Keine zusätzliche Käuferprovision,,,,,,,,,,,,,,,,,,
Rhauderfehn Einfamilienhaus mit Einliegerwohnung sehr gepflegt,349.000 €,26817 Niedersachsen - Rhauderfehn,16.07.2024,"# Objektbeschreibung
Einfamilienhaus, EFH, Ostfriesland, gemütlich, zentral, großes Grundstück,...",160 m²,5,4,2,800 m²,Einfamilienhaus freistehend,2,1991,Mit Provision,,,,,,,,,,,,,,,,,,
*Erdgeschosswohnung im Zentrum von Rhauderfehn!*,690 €,26817 Niedersachsen - Rhauderfehn,16.07.2024,"# Objektbeschreibung
Wir freuen uns, Ihnen diese moderne Obergeschosswohnung in Ostrhauderfehn zur...",100 m²,3,2,1,,,,,,,,,,,,,Erdgeschosswohnung,,285 €,,,0,,,,,
Neuwertige Dreizimmerwohnung,820 €,26817 Niedersachsen - Rhauderfehn,16.07.2024,Sie suchen eine zentral gelegene Wohnung in gehobener Ausstattung im Zentrum von...,88 m²,3,2,1,,,,,,,,,,,,Juli 2024,Etagenwohnung,,200 €,,1.600 €,1,1.020 €,,,,
Käufer Provisionsfrei! Ein wahres Juwel mit hohem Wohnkomfort! Top Ausstattung!,599.000 €,26817 Niedersachsen - Rhauderfehn,16.07.2024,"# Objektbeschreibung
Für Käufer Provisionsfrei – Moderner Wohn(t)raum auf über 200 m² Wohnfläche!...","234,15 m²",7,5,3,770 m²,Einfamilienhaus freistehend,,2017,Keine zusätzliche Käuferprovision,,,,,,,,,,,,,,,,,,
*Landwirtschaftliche Flächen* in Ostfriesland gesucht!,1 €,26817 Niedersachsen - Rhauderfehn,16.07.2024,"Wir suchen für unsere Geldanleger:
* Renditeobjekte
* Einfamilienhäuser
* Eigentumswohnungen
*...",,,,,,,,,Provisionsfrei,Kaufen,30.000 m²,,,,,,,,,,,,,,,,
*Penthouse in zentraler Lage mit unverbautem Blick*,1.300 €,26817 Niedersachsen - Rhauderfehn,16.07.2024,"# Objektbeschreibung
Leben wo andere Urlaub machen!

Zum Verkauf steht ein attraktives Grundstück...",137 m²,3,2,1,,,,,,,,,,,,,Penthouse,,300 €,,,,1.600 €,,,,
*** Einfamilienhaus im Ortskern ****,185.000 €,26817 Niedersachsen - Rhauderfehn,16.07.2024,"# Objektbeschreibung
Zum Verkauf steht ein Einfamilienhaus in Rhauderfehn / Collinghorst, das im...",120 m²,4,3,1,338 m²,Einfamilienhaus freistehend,2,1969,Mit Provision,,,,,,,,,,,,,,,,,,
Barzahler aus dem Rheinland sucht ...,220.000 €,26817 Niedersachsen - Rhauderfehn,16.07.2024,"# Objektbeschreibung
Rentnerehepaar aus Unna sucht kleines aber feines Ferienhaus! Das Haus sollte...",140 m²,3,,,,Einfamilienhaus freistehend,,,Keine zusätzliche Käuferprovision,,,,,,,,,,,,,,,,,,
chalet in holland  friesland mit eign grundstuck,115.000 €,26817 Niedersachsen - Rhauderfehn,16.07.2024,Wir sind eine vierköpfige Familie aus dem Ruhrgebiet und suchen ein schönes Chalet auf einem...,,,,,,,,,,Kaufen,,Möglich,,,,Juli 2024,,Ausland,,,,,,,,,
*Zweifamilienhaus komplett zu verkaufen*,165.000 €,26817 Niedersachsen - Rhauderfehn,16.07.2024,"# Objektbeschreibung
* Haus, Immobilie, Zweifamilienhaus, ZFH, Einfamilienhaus, EFH, Wohnung,...",130 m²,5,,,970 m²,Mehrfamilienhaus,,1940,Mit Provision,,,,,,,,,,,,,,,,,,
! Stilvolles Ambiente m. individuellen Möglichkeiten f. Naturliebhaber in bevorzugter Alleinlage !,645.000 €,26817 Niedersachsen - Rhauderfehn,16.07.2024,"# Objektbeschreibung
Sie suchen eine Immobilie, die im Einklang mit der Natur steht? Hier werden...",264 m²,5,2,2,30.400 m²,Einfamilienhaus freistehend,2,1963,Mit Provision,,,,,,,,,,,,,,,,,,
Bungalow mit viel Potenzial  auf Erbpacht-Grundstück in Rhauderfehn,130.000 €,26817 Niedersachsen - Rhauderfehn,15.07.2024,"# Objektbeschreibung
Exklusive Erdgeschosswohnung in Diepholz zu verkaufen!

In diesem...",105 m²,4,,,686 m²,Einfamilienhaus freistehend,,1972,Mit Provision,,,Möglich,,,,,,,,,,,,,,,
Familienfreundliches Einfamilienhaus in Ostfriesland,369.000 €,26817 Niedersachsen - Rhauderfehn,15.07.2024,"# Objektbeschreibung
Einfamilienhaus, EFH, Ostfriesland, gemütlich, zentral, großes Grundstück,...",160 m²,5,4,2,800 m²,Andere Haustypen,2,1991,Mit Provision,,,,,,,,,,,,,,,,,,
EINFAMILIENHAUS MIT KAMINOFEN IN TRAUMHAFTER KANALLAGE VON RHAUDERFEHN RAJEN!,189.000 €,26817 Niedersachsen - Rhauderfehn,15.07.2024,"# Objektbeschreibung
Wir freuen uns, Ihnen hier ein ganz besonderes Einfamilienhaus, in herrlich...",136 m²,7,3,2,817 m²,Einfamilienhaus freistehend,,1960,Mit Provision,,,,,,,,,,,,,,,,,,
EINFAMILIENHAUS MIT KAMINOFEN IN TRAUMHAFTER KANALLAGE VON RHAUDERFEHN RAJEN!,189.000 €,26817 Niedersachsen - Rhauderfehn,15.07.2024,"Objektbeschreibung
Erhalten Sie in nur 2 Minuten Ihre kostenlose online Immobilienbewertung für Ihr...",136 m²,7,3,2,817 m²,Einfamilienhaus freistehend,2,1960,Mit Provision,,,,,,,,,,,,,,,,,,
*** ZWEI TOP-HÄUSER MIT PERFEKTER INFRASTRUKTUR IN RHAUDERFEHN,549.000 €,26817 Niedersachsen - Rhauderfehn,15.07.2024,"# Objektbeschreibung
Entdecken Sie die perfekte Symbiose aus Raum und Möglichkeiten in diesem...",320 m²,10,6,4,1.591 m²,Einfamilienhaus freistehend,,1986,Mit Provision,,,,,,,,,,,,,,,,,,
Einfamilienhaus in schöner Lage (keine Siedlungsl.) ab 170qm Wfl.,500.000 €,26817 Niedersachsen - Rhauderfehn,15.07.2024,**Sie haben eine passende Immobilie anzubieten?** Kontaktieren Sie uns gerne schriftlich per...,170 m²,4,3,2,1.000 m²,Einfamilienhaus freistehend,2,1940,,,,,,,,,,,,,,,,,,,
*** ZWEI TOP-HÄUSER MIT PERFEKTER INFRASTRUKTUR IN RHAUDERFEHN,549.000 €,26817 Niedersachsen - Rhauderfehn,15.07.2024,"# Objektbeschreibung
Im Auftrag einer naturbegeisterten Biologin und eines leidenschaftlichen...",320 m²,10,6,4,1.591 m²,Einfamilienhaus freistehend,2,1986,Mit Provision,,,,,,,,,,,,,,,,,,
Einfamilienhaus mit zusätzlichem Bauplatz in bevorzugter zentraler Lage  in Rhauderfehn,359.000 €,26817 Niedersachsen - Rhauderfehn,20.07.2024,"# Objektbeschreibung
Wir freuen uns, Ihnen dieses gepflegte Einfamilienhaus in Rhauderfehn zum Kauf...",190 m²,5,3,1,1.056 m²,Einfamilienhaus freistehend,2,1972,Mit Provision,,,,,,,,,,,,,,,,,,
***Teilsaniertes Landhaus mit Einliegerwohnung in ruhiger Lage von Rhauderfehn***,298.000 €,26817 Niedersachsen - Rhauderfehn,13.07.2024,"# Objektbeschreibung
Wir freuen uns, Ihnen dieses erstklassige, gepflegte Einfamilienhaus mit...",299 m²,6,3,2,1.300 m²,Andere Haustypen,,1913,Mit Provision,,,,,,,,,,,,,,,,,,
Idealer Altersruhesitz! Schlüsselfertige Neubau-Bungalow E01 mit Terrasse und Gartenanlage in ruhiger Wohnlage!,295.900 €,26817 Niedersachsen - Rhauderfehn,15.07.2024,"# Objektbeschreibung
Lassen Sie sich von diesem Wohntraum überzeugen. Diese Neubau Bungalow Nr. 1...",92 m²,3,2,1,250 m²,Einfamilienhaus freistehend,,2023,Mit Provision,,,,,,,,,,,,,,,,,,
Single Galerie Erdgeschoss Wohnung mit Terrasse,630 €,26817 Niedersachsen - Rhauderfehn,15.07.2024,"Moin ,
Angeboten wird hier ein Überschuß an Saunakabel/ Silikonkabel auf Trommel 6adrig und...",55 m²,1,1,1,,,,,,,,,,,,August 2024,Erdgeschosswohnung,,,,,2,,,,,
Idealer Altersruhesitz! Schlüsselfertige Neubau-Bungalow E03 mit Terrasse und Gartenanlage in ruhiger Wohnlage!,299.900 €,26817 Niedersachsen - Rhauderfehn,15.07.2024,"# Objektbeschreibung
Lassen Sie sich von diesem ebenerdigen Wohntraum überzeugen. Dieser...",83 m²,3,2,1,500 m²,Einfamilienhaus freistehend,,2023,Mit Provision,,,,,,,,,,,,,,,,,,
Niederlande: Urlaubidylle im Villapark Weddermeer,152.500 €,26817 Niedersachsen - Rhauderfehn,15.07.2024,"# Objektbeschreibung
Dieses charmante Ferienhaus ist eingebettet in ein vom Wasser und Wald...",68 m²,4,3,2,703 m²,Andere Haustypen,,1994,Keine zusätzliche Käuferprovision,,,,,,,,,,,,,,,,,,
Zentrumsnah! Geräumiges EFH mit Garage u. Garten. Keine Siedlung.,309.000 €,26817 Niedersachsen - Rhauderfehn,15.07.2024,"# Objektbeschreibung
Sehr gepflegtes Anwesen mit Platzangebot im Zentrum von Ostrhauderfehn.

Ideal...","149,83 m²",5,3,2,898 m²,Einfamilienhaus freistehend,,1999,Mit Provision,,,,,,,,,,,,,,,,,,
Rarität in 1-A Lage! Ein Unikat mit vielen Extras! Überzeugen Sie sich selbst..,VB,26817 Niedersachsen - Rhauderfehn,15.07.2024,"# Objektbeschreibung
Kapitalanlage oder Eigennutz - die Entscheidung treffen Sie! Nach dem Motto...",257 m²,6,,2,1.005 m²,Einfamilienhaus freistehend,,2017,Mit Provision,,,,,,,,,,,,,,,,,,
"*** Hier ist Ihr perfektes Anlageobjekt *** Traditionelles, sehr gut erhaltenes u. renoviertes Wohn-/ u. Geschäftshaus in 1-A-Lage im Ortskern von Rhauderfehn (3 Gewerbeflächen u. 5...",445.000 €,26817 Niedersachsen - Rhauderfehn,15.07.2024,"# Objektbeschreibung
**Schickes Neubau-Projekt im absoluten Zentrum von Ihrhove - Westoverledingen,...",,,,,,,2,1924,Mit Provision,Kaufen,164 m²,,,,,,,,,,,,,,,,
Idealer Altersruhesitz! Schlüsselfertige Neubau-Bungalow E02 mit Terrasse und Gartenanlage in ruhiger Wohnlage!,195.900 €,26817 Niedersachsen - Rhauderfehn,15.07.2024,"# Objektbeschreibung
Lassen Sie sich von diesem ebenerdigen Wohntraum überzeugen. Dieser...",57 m²,2,1,1,250 m²,Einfamilienhaus freistehend,,2024,Mit Provision,,,,,,,,,,,,,,,,,,
2 ZKB Mietwohnung inkl. EBK,850 €,26817 Niedersachsen - Rhauderfehn,14.07.2024,Aufgrund einer Planänderung haben wir unser bestelltes Drainagekies doch nicht benötigt und geben...,108 m²,2,1,2,,,,,,,,Nicht möglich,,,,September 2024,Erdgeschosswohnung,,,,,0,,,,,
"Monteurwohnung,unweit von Emden,Leer,Papenburg,Oldenburg,Bunde",VB,26817 Niedersachsen - Rhauderfehn,14.07.2024,"Herzlich Willkommen liebe Feriengäste und liebe Monteure,
wir stellen Ihnen hier eine TOP sanierte...",,,,,,,,,,Mieten,,,,,,,,Inland,,,,,,,,,
Bungalow (Bj. 2021) mit Wohnkomfort im Zentrum von Rhauderfehn +++ provisionsfrei für den Käufer +++,310.000 €,26817 Niedersachsen - Rhauderfehn,14.07.2024,"# Objektbeschreibung
Neubau A+ Bungalow mit Garage und einer Luft/Wasser-Wärmepumpe.

Mit einer...","80,46 m²",3,2,1,424 m²,Bungalow,1,2021,Keine zusätzliche Käuferprovision,,,,,,,,,,,,,,,,,,
"***Anschauen...Einziehen...Wohlfühlen*** Charmantes, teilrenoviertes Einfamilienhaus mit idyllischem Garten in Rhauderfehn  KP: 240.000,- € zzgl. 3,57% Käuferprov.",240.000 €,26817 Niedersachsen - Rhauderfehn,14.07.2024,"# Objektbeschreibung
Dieses schöne und sehr gepflegte - fortlaufend renovierte 5 ZKB - Wohnhaus aus...",120 m²,5,3,2,826 m²,Einfamilienhaus freistehend,,1976,Mit Provision,,,,,,,,,,,,,,,,,,
Wohlfühloase in ruhiger Wohnsiedlung - ebenerdiges Wohnen möglich!,299.000 €,26817 Niedersachsen - Rhauderfehn,14.07.2024,"# Objektbeschreibung
Entdecken Sie Ihr neues Zuhause in idyllischer Wohnlage von Rhauderfehn mit...",120 m²,5,4,1,582 m²,Bungalow,,1999,Mit Provision,,,,,,,,,,,,,,,,,,
Haus in idyllischer Lage sucht Liebhaber und Handwerker,149.000 €,26817 Niedersachsen - Rhauderfehn,14.07.2024,"# Objektbeschreibung
Dieses 1930 am Kanal erbaute Haus wartet mit ca. 142 m² Wohn- und ca. 1.009 m²...","104,28 m²",5,4,1,1.997 m²,Einfamilienhaus freistehend,1,1960,Mit Provision,,,,,,,,,,,,,,,,,,
",, Dringend gesucht ! '' Resthof mit Pferdehaltung",1 €,26817 Niedersachsen - Rhauderfehn,14.07.2024,"Wir suchen für unsere Geldanleger:
* Renditeobjekte
* Einfamilienhäuser
* Eigentumswohnungen
*...",150 m²,1,,,,Bauernhaus,,,Keine zusätzliche Käuferprovision,,,,,,,,,,,,,,,,,,
Zweifamilienhaus mit Einliegerwohnung komplett vermietet in Rhauderfehn,299.000 €,26817 Niedersachsen - Rhauderfehn,13.07.2024,"# Objektbeschreibung
Das Dreifamilienhaus ist direkt am Kanal gelegen. Die Immobilie in zentraler,...","295,77 m²",7,,,1.490 m²,Mehrfamilienhaus,,,Mit Provision,,,,,,,,,,,,,,,,,,
Haus zur Miete in Rhauderfehn,830 €,26817 Niedersachsen - Rhauderfehn,13.07.2024,"# Objektbeschreibung
**Altes Kapitänshaus** Exkl. Ferienhaus für bis zu 8 Personen, Ostfriesland...",95 m²,4,2,1,,Einfamilienhaus freistehend,2,,,,,,,,,August 2024,,,120 €,,,,,1.000 €,,,
-RESERVIERT-*Die Gelegenheit* hochwertige Gewerbeimmobilie  mit 150 m² großer Gewerbehalle( wohnen und arbeiten unter einem Dach),399.000 €,26817 Niedersachsen - Rhauderfehn,13.07.2024,"# Objektbeschreibung
Einfamilienhaus, EFH, Ostfriesland, gemütlich, zentral, großes Grundstück,...",170 m²,4,3,2,1.580 m²,Einfamilienhaus freistehend,,1997,Mit Provision,,,,,,,,,,,,,,,,,,
*reserviert* PREISREDUZIERUNG * Geräumiges Einfamilienhaus mit Einliegerwohnung * vor den Toren Papenburgs,225.000 €,26817 Niedersachsen - Rhauderfehn,13.07.2024,"# Objektbeschreibung
Das Haus wurde in Massivbauweise errichtet und bietet Ihnen eine Wohnfläche...","221,78 m²",9,5,2,1.903 m²,,,1953,Mit Provision,,,,,,,,,,,,,,,,,,
Ostfriesland nähe  Nordsee Rhauderfehn ruhige Zentrumslage,259.000 €,26817 Niedersachsen - Rhauderfehn,13.07.2024,In bester Zentrumslage erwartet Sie eine gepflegte Immobilie mit vielfältigen...,122 m²,4,,1,677 m²,Einfamilienhaus freistehend,,1980,Keine zusätzliche Käuferprovision,,,,,,,Juni 2024,,,,,,,,,,,
Ebenerdige Wohlfühloase mit zus. ELW in traumhafter Lage von Rhauderfehn - ohne zus. Käuferprovision,269.000 €,26817 Niedersachsen - Rhauderfehn,13.07.2024,"# Objektbeschreibung
Zum Verkauf steht ein charmantes Einfamilienhaus in traumhaft ruhiger Lage von...",122 m²,6,3,2,1.319 m²,Einfamilienhaus freistehend,,1969,Keine zusätzliche Käuferprovision,,,,,,,,,,,,,,,,,,
Meine kleine Farm! Ein-/Zweifamilienhaus mit Nebengebäuden und Weidefläche in ruhiger Lage!,349.000 €,26817 Niedersachsen - Rhauderfehn,13.07.2024,"# Objektbeschreibung
Das Wohnhaus wurde im Jahr 1958 in massiver Bauweise errichtet und im Jahr...",215 m²,10,,,12.927 m²,Einfamilienhaus freistehend,,1925,Mit Provision,,,,,,,,,,,,,,,,,,
Exquisite Immobilie! Was Neues - was Anderes!,679.000 €,26817 Niedersachsen - Rhauderfehn,13.07.2024,"# Objektbeschreibung
Erfüllen Sie sich Ihren Traum vom eigenen Reiterhof mitten im Grünen! Diese...",147 m²,4,,2,694 m²,Einfamilienhaus freistehend,,2022,Mit Provision,,,,,,,,,,,,,,,,,,
RESERVIERT * Vorfreude auf den Sommer * gepflegter Bungalow mit wunderschönem Grundstück in zentrumsnaher Lage,315.000 €,26817 Niedersachsen - Rhauderfehn,13.07.2024,"# Objektbeschreibung
Zwischen Papenburg und Rhauderfehn gelegen, können Sie Ihre Kreativität...","124,01 m²",5,3,1,933 m²,Einfamilienhaus freistehend,,1994,Mit Provision,,,,,,,,,,,,,,,,,,
***Teilsaniertes Landhaus mit Einliegerwohnung in ruhiger Lage von Rhauderfehn***,298.000 €,26817 Niedersachsen - Rhauderfehn,13.07.2024,"# Objektbeschreibung
Wir freuen uns, Ihnen dieses erstklassige, gepflegte Einfamilienhaus mit...",299 m²,6,3,2,1.300 m²,Andere Haustypen,,1913,Mit Provision,,,,,,,,,,,,,,,,,,
Detailverliebt  * gemütliches Fehnhaus mit Charme und Einliegerwohnung *,559.000 €,26817 Niedersachsen - Rhauderfehn,12.07.2024,"# Objektbeschreibung
Willkommen in Ihrem neuen Zuhause in Ostrhauderfehn! Dieses gepflegte...",150 m²,4,2,2,2.210 m²,,2,1909,Mit Provision,,,,,,,,,,,,,,,,,,
Ladenlokal Bürofläche Alles machbar,500 €,26817 Niedersachsen - Rhauderfehn,12.07.2024,"Der Wagen befindet sich von innen wie von außen in einem gepflegten Zustand, den Alter...",,,,,,,,,,Mieten,45 m²,,,,,,,,,,,,,1.000 €,,,
Hier lässt sich viel daraus machen - Fehnhaus mit Ausbaureserve in Kanallage,195.000 €,26817 Niedersachsen - Rhauderfehn,12.07.2024,"# Objektbeschreibung
Sie möchten Ihr Geld sicher anlegen? Da haben wir eine passende Immobilie für...",135 m²,4,,,1.039 m²,Einfamilienhaus freistehend,1,1975,Mit Provision,,,,,,,,,,,,,,,,,,
#Baugrundstück Wiekenlage in Rhauderfehn + Abrisshaus,179.000 €,26817 Niedersachsen - Rhauderfehn,12.07.2024,"# Objektbeschreibung
Wir stellen Ihnen dieses Grundstück in Wiekenlage vor. Zurzeit befindet sich...",,,,,1.950 m²,,,,Mit Provision,,,,Weitere Grundstücke & Gärten,Kaufen,,,,,,,,,,,,,
Detailverliebt  * gemütliches Fehnhaus mit Charme und Einliegerwohnung *,559.000 €,26817 Niedersachsen - Rhauderfehn,12.07.2024,"# Objektbeschreibung
Willkommen in Ihrem neuen Zuhause in Ostrhauderfehn! Dieses gepflegte...",150 m²,4,2,2,2.210 m²,,2,1909,Mit Provision,,,,,,,,,,,,,,,,,,
Scheidung! Erbe! Verkauf aus Altersgründen!,320.000 €,26817 Niedersachsen - Rhauderfehn,11.07.2024,"# Objektbeschreibung
Egal, aus welchem Grund Sie verkaufen möchten, wir haben den passenden Kunden...",150 m²,3,,,,Einfamilienhaus freistehend,,,Keine zusätzliche Käuferprovision,,,,,,,,,,,,,,,,,,
"!Gelegenheit im Zentrum, Immobilien mit allen Möglichkeiten! Vielseitig verwendbares Wohn-/Geschäftshaus mit zus. Wohnhaus und großzügigem Grundstück",298.000 €,26817 Niedersachsen - Rhauderfehn,11.07.2024,"Objekt: !!Gelegenheit !! Seniorengerechte Haushälfte (barrierefrei) mit Carport, Geräteraum und...","169,93 m²",7,,,1.169 m²,,,,Mit Provision,,,,,,,,,,,,,,,,,,
"!Gelegenheit im Zentrum, Immobilien mit allen Möglichkeiten! Vielseitig verwendbares Wohn-/Geschäftshaus mit zus. Wohnhaus und großzügigem Grundstück",298.000 €,26817 Niedersachsen - Rhauderfehn,11.07.2024,"Auch diese Immobilie in Nortmoor wurde über uns verkauft.

Bewertung Ihrer Immobilie und Beratung...",,,,,,,,,,Kaufen,,,,,,,,,,,,,,,Weitere Gewerbeeinheiten,,
Idyllische Lage am See! Wohnen wo andere Urlaub machen!,188.000 €,26817 Niedersachsen - Rhauderfehn,11.07.2024,"# Objektbeschreibung
Kapitalanlage oder Eigennutz - die Entscheidung treffen Sie! Nach dem Motto...",105 m²,4,3,1,337 m²,Doppelhaushälfte,,1991,Mit Provision,,,,,,,,,,,,,,,,,,
Zwangsversteigerungsobjekt in toller Lage von Rhauderfehn,497.000 €,26817 Niedersachsen - Rhauderfehn,11.07.2024,"# Objektbeschreibung
Sie wollen Ihr Geld sicher und zukunftsorientiert anlegen? Außerdem ist Ihnen...","220,19 m²",5,4,2,749 m²,Einfamilienhaus freistehend,1,2015,Keine zusätzliche Käuferprovision,,,,,,,,,,,,,,,,,,
"AUFGEPASST!!! Viel Landfläche gewünscht??? Sanierungsbedürftiger Resthof mit Weidefflächen von ca. 1,8 ha. in Rhauderfehn - OT Burlage !!!   KP. 180.000,-- €  zzgl. 3,57 % Käuferprovision",180.000 €,26817 Niedersachsen - Rhauderfehn,11.07.2024,"# Objektbeschreibung
** Tier-Liebhaber aufgepasst !!! **
Die Tiere direkt am Haus halten mit ca....",80 m²,4,3,1,18.000 m²,Bauernhaus,,1950,Mit Provision,,,,,,,,,,,,,,,,,,
Moderne Neubauwohnung im Zentrum von Rhauderfehn,725 €,26817 Niedersachsen - Rhauderfehn,11.07.2024,Wohnen am See! In beliebter Wohnlage von Rhauderfehn steht das im letzten Jahr erbaute...,"79,30 m²",2,1,1,,,,,,,,Nicht möglich,,,,August 2024,,,90 €,,1.450 €,,,,,Kein Tausch,
"***Tolles gr. Grundstück in Rhauderfehn/Klostermoor*** zu einer Größe von ca. 1.800 m².  170.000,-- € zzgl. 7,14 % Käuferprovision",170.000 €,26817 Niedersachsen - Rhauderfehn,11.07.2024,"# Objektbeschreibung
**Schickes Neubau-Projekt im absoluten Zentrum von Ihrhove - Westoverledingen,...",,,,,1.800 m²,,,,Mit Provision,,,,Baugrundstück,Kaufen,,,,,,,,,,,,,
***Gepflegte Eigentumswohnung in idyllischer Lage von Rhauderfehn***,119.000 €,26817 Niedersachsen - Rhauderfehn,11.07.2024,"# Objektbeschreibung
Dieser mediterrane, im Jahr 2014 errichtet Bungalow, sucht einen neuen...",59 m²,2,,1,,,,1990,Mit Provision,,,,,,,,Dachgeschosswohnung,,,,,,,,,,
Praxis- bzw. Büroräume in zentraler Lage von Rhauderfehn zu vermieten.,850 €,26817 Niedersachsen - Rhauderfehn,11.07.2024,"# Objektbeschreibung
Wir freuen uns, Ihnen diese attraktive Praxisfläche in Ostrhauderfehn zur...",,,,,,,,,Provisionsfrei,Mieten,"162,50 m²",,,,,,,,110 €,,,,,,,,
Reihenendhaus KFW 55 Neubau,330.000 € VB,26817 Niedersachsen - Rhauderfehn,11.07.2024,"BAUKNECHT Waschmaschine, Super Eco 945 A, 9 kg, 1400 U/min, Kurz 45' – saubere Wäsche bei...",115 m²,5,3,2,1 m²,Andere Haustypen,2,2021,Keine zusätzliche Käuferprovision,,,,,,,Juni 2024,,,,,,,,,,,
Fehnhaus - großes Grundstück - weitere Bebauung möglich,229.000 €,26817 Niedersachsen - Rhauderfehn,11.07.2024,"# Objektbeschreibung
Kapitalanlage oder Eigennutz - die Entscheidung treffen Sie! Nach dem Motto...",140 m²,5,,1,4.489 m²,Einfamilienhaus freistehend,,1950,Mit Provision,,,,,,,,,,,,,,,,,,
BARZAHLER aus dem Rheinland sucht .....,280.000 €,26817 Niedersachsen - Rhauderfehn,11.07.2024,"# Objektbeschreibung
Ein gepflegtes Einfamilienhaus, oder einen Walmdachbungalow, ab Bj. 2000....",160 m²,4,,,,Bungalow,,,Keine zusätzliche Käuferprovision,,,,,,,,,,,,,,,,,,
Kleines Häuschen dringend gesucht!!!,200.000 €,26817 Niedersachsen - Rhauderfehn,10.07.2024,"# Objektbeschreibung
Ein gepflegtes Einfamilienhaus, oder einen Walmdachbungalow, ab Bj. 2000....",120 m²,3,,,,Einfamilienhaus freistehend,,,Keine zusätzliche Käuferprovision,,,,,,,,,,,,,,,,,,
"Pizzeria, Bar Lieferservice zu kaufen/mieten",VB,26817 Niedersachsen - Rhauderfehn,10.07.2024,"Sie haben einen Foodtruck, einen Verkaufsstand, einen Imbisswagen oder möchten eine Promo-Aktion...",,,,,,,,,,Mieten,,,,,,,,,,,,,,,,,
Sackgassenlage an einem Wanderweg mit viel Grün und Baumbestand ...,165.000 €,26817 Niedersachsen - Rhauderfehn,10.07.2024,"# Objektbeschreibung
gepflegtes Reihenendhaus - Baujahr 1994 - die anteilige Grundstücksgröße...",108 m²,4,3,1,352 m²,Reihenhaus,,1994,Mit Provision,,,,,,,,,,,,,,,,,,
Wohnungen zu vermieten /квартиры в аренду,VB,26817 Niedersachsen - Rhauderfehn,10.07.2024,"# Objektbeschreibung
Herzlich Willkommen liebe Firmen und liebe Monteure,
wir stellen Ihnen hier...",0 m²,3,,,,,,,,,,,,,,,,,,,,,,,,,
"***Charmantes, teilrenoviertes Einfamilienhaus mit idyllischem Garten*** in Rhauderfehn  KP: 240.000,-- € zzgl. 3,57% Käuferprov.",240.000 €,26817 Niedersachsen - Rhauderfehn,10.07.2024,"# Objektbeschreibung
Dieses schöne und sehr gepflegte - fortlaufend renovierte 5 ZKB - Wohnhaus aus...",120 m²,5,3,2,826 m²,Einfamilienhaus freistehend,,1976,Mit Provision,,,,,,,,,,,,,,,,,,
Rhauderfehn! Begehrenswertes Einfamilienhaus mit Weitblick,349.900 €,26817 Niedersachsen - Rhauderfehn,10.07.2024,"# Objektbeschreibung
Sie möchten an der Nordseeküste seßhaft werden, in ruhiger, idyllischer Lage,...",180 m²,5,3,2,800 m²,Einfamilienhaus freistehend,,1991,Mit Provision,,,,,,,,,,,,,,,,,,
Niederlande: Komplett möblierter Ferienhaushälfte bei Vlagtwedde,159.500 €,26817 Niedersachsen - Rhauderfehn,10.07.2024,"# Objektbeschreibung
Sie möchten gern ein Ferienhaus in den Niederlanden erwerben. Dies ist ihre...",76 m²,4,3,1,307 m²,Andere Haustypen,,1996,Keine zusätzliche Käuferprovision,,,,,,,,,,,,,,,,,,
"Gewerbeobjekt mit 137,55 m ² in einer  Wohnanlage nach KFW 40 + Standard",VB,26817 Niedersachsen - Rhauderfehn,10.07.2024,"# Objektbeschreibung
Diese Praxis- bzw. Büroräume im 1. Obergeschoß des Objektes befinden sich in...",,,,,,,,2023,Provisionsfrei,Mieten,"137,55 m²",,,,,,,,,,,,,,,,
"Handwerker AUFGEPASST, sanierungsbedürftiger Resthof mit Weidefflächen von ca. 2,2 ha, in Rhauderfehn - OT Burlage !!!   KP. 180.000.-- € zzgl. 3,57 % Käuferprov. !!!",180.000 €,26817 Niedersachsen - Rhauderfehn,09.07.2024,"# Objektbeschreibung
** Tier-Liebhaber aufgepasst !!! **
Die Tiere direkt am Haus halten mit ca....",80 m²,4,3,1,22.000 m²,Bauernhaus,,1950,Mit Provision,,,,,,,,,,,,,,,,,,
Grundstück in ruhiger Siedlungslage,99.000 €,26817 Niedersachsen - Rhauderfehn,09.07.2024,"# Objektbeschreibung
In wunderschöner Kanallage befindet sich dieses schöne Grundstück.

Sie...",,,,,891 m²,,,,Mit Provision,,,,Baugrundstück,Kaufen,,,,,,,,,,,,,
"Resthof in schöner Fast-Alleinlage mit ca.2,2 ha Fläche in Rhauderfehn - OT !!!  Renov.- bzw. sanierungsbedürftig, somit können Sie sich hier noch verwirklichen u. Ihre persönliche Note u....",180.000 €,26817 Niedersachsen - Rhauderfehn,09.07.2024,"# Objektbeschreibung
** Tier-Liebhaber aufgepasst !!! **
Die Tiere direkt am Haus halten mit 2,2 ha...",80 m²,4,3,1,22.000 m²,Bauernhaus,,1950,Mit Provision,,,,,,,,,,,,,,,,,,
Viel Platz - Innen & Außen! Großes EFH mit Feldblick! Provisionsfrei!,322.000 €,26817 Niedersachsen - Rhauderfehn,08.07.2024,"# Objektbeschreibung
Ihre Kinder lieben es draußen zu toben und Sie entspannen am Liebsten in der...",308 m²,9,7,3,2.200 m²,Einfamilienhaus freistehend,,1974,Keine zusätzliche Käuferprovision,,,,,,,,,,,,,,,,,,
"Erdgeschoss-Büro-/Praxisfläche in Rhauderfehn, www.deWeerdt.de",700 €,26817 Niedersachsen - Rhauderfehn,08.07.2024,"# Objektbeschreibung
Erdgeschoss-Apartment mit Wohn-/Schlafzimmer, Kochbereich mit Einbauküche,...",,,,,,,,1992,Mit Provision,Mieten,122 m²,,,,,,,,,,,,,,Büros & Praxen,,
Hochwertige Immobilie mit Nebengebäude (Autosammler),1.000.000 €,26817 Niedersachsen - Rhauderfehn,08.07.2024,"# Objektbeschreibung
Energieausweis in Vorbereitung!

Im Gewerbegebiet gelegen, befindet sich...",140 m²,4,2,1,1.000 m²,,2,2000,,,,,,,,,,,,,,,,,,,
"RESERVIERT: Seltene Gelegenheit - Top gepflegt, ruhige Lage! Bungalow mit ausgebautem Dachgeschoss und 2 Garagen zum fairen Preis",299.000 €,26817 Niedersachsen - Rhauderfehn,08.07.2024,"# Objektbeschreibung
Wir freuen uns, Ihnen dieses gepflegte Einfamilienhaus in Rhauderfehn zum Kauf...",190 m²,7,4,2,674 m²,Bungalow,2,1992,Mit Provision,,,,,,,,,,,,,,,,,,
*EINFAMILIENHAUS MIT KAMINOFEN IN TRAUMHAFTER KANALLAGE VON RHAUDERFEHN RAJEN*,189.000 €,26817 Niedersachsen - Rhauderfehn,08.07.2024,"# Objektbeschreibung
Wir freuen uns, Ihnen hier ein ganz besonderes Einfamilienhaus, in herrlich...",136 m²,7,3,2,817 m²,Einfamilienhaus freistehend,,1960,Mit Provision,,,,,,,,,,,,,,,,,,
*** ZWEI TOP-HÄUSER MIT PERFEKTER INFRASTRUKTUR IN RHAUDERFEHN,549.000 €,26817 Niedersachsen - Rhauderfehn,08.07.2024,"# Objektbeschreibung
Entdecken Sie die perfekte Symbiose aus Raum und Möglichkeiten in diesem...",320 m²,10,6,4,1.591 m²,Einfamilienhaus freistehend,,1986,Mit Provision,,,,,,,,,,,,,,,,,,
2 ZKB Wohnung mit Seeblick im Zentrum von Rhauderfehn,720 €,26817 Niedersachsen - Rhauderfehn,08.07.2024,Wohnen am See! In beliebter Wohnlage von Rhauderfehn entstehen derzeit moderne Reihenhäuser. Die...,"67,59 m²",2,1,1,,,,,,,,Nicht möglich,,,,Oktober 2024,,,140 €,,1.440 €,,,,,Kein Tausch,
* Einmalig * viele Möglichkeiten * Flächen am Haus * Arbeiten von Zuhause * Tiere am Haus *,498.000 €,26817 Niedersachsen - Rhauderfehn,07.07.2024,"# Objektbeschreibung
Das Dreifamilienhaus ist direkt am Kanal gelegen. Die Immobilie in zentraler,...","220,20 m²",5,3,2,37.915 m²,Bauernhaus,,1968,Mit Provision,,,,,,,,,,,,,,,,,,
* Mega schöne Lage * zum Sanieren * mit Ständerwerk * Backemoor *,119.000 €,26817 Niedersachsen - Rhauderfehn,07.07.2024,Einfamilienhaus in Weener + 20 Km gesucht. Zustand Gepflegt/Neuwertig Baujahr ab 2000 mit einer...,"93,04 m²",4,3,1,677 m²,Einfamilienhaus freistehend,,1930,Mit Provision,,,,,,,,,,,,,,,,,,
"*** Geräumiges, charmantes Wohlfühlhaus, Bj. 1962 mit großem Grundstück von 1.800 m² in ruhiger Lage von Rhauderfehn - ideal für die Familie...***  KP. 199.000,-- € zzgl. 3,57 % Käuferprovision",199.000 €,26817 Niedersachsen - Rhauderfehn,07.07.2024,"# Objektbeschreibung
Dieses schöne und sehr gepflegte, laufend renovierte 6 ZKB - Wohnhaus aus dem...",112 m²,6,5,2,1.800 m²,Einfamilienhaus freistehend,,1962,Mit Provision,,,,,,,,,,,,,,,,,,
Garage gesucht  in rhauderfehn,50 €,26817 Niedersachsen - Rhauderfehn,07.07.2024,Verkaufe 5 kg Vorschlaghammer in guten Zustand sehr wenig gebraucht muss abgeholt werden keine...,,,,,,,,,,Mieten,,,,,Garage,2024,,,,,,,,,,,
NEUER PREIS: Perfekt Leben in der Natur auf großem Grundstück und doch zentral in Rhauderfehn,269.000 €,26817 Niedersachsen - Rhauderfehn,07.07.2024,"# Objektbeschreibung
Zum Verkauf steht ein Walmdachbungalow mit ausgebautem Dachgeschoss, großem...",120 m²,4,3,2,2.000 m²,Einfamilienhaus freistehend,2,1972,Mit Provision,,,,,,,,,,,,,,,,,,
Bungalow in ruhiger Siedlungslage mit großem Grundstück,158.000 €,26817 Niedersachsen - Rhauderfehn,07.07.2024,"# Objektbeschreibung
Zum Verkauf steht ein Einfamilienhaus in Rhauderfehn / Collinghorst, das im...",134 m²,4,2,1,1.275 m²,Einfamilienhaus freistehend,,1981,Mit Provision,,,,,,,,,,,,,,,,,,
"Landhaus von Privat zu verkaufen, keine Marklergebühren",425.000 € VB,26817 Niedersachsen - Rhauderfehn,07.07.2024,"Sehr schönes Landhaus von Privat zu verkaufen, keine Marklergebühren.
Zentrale Ortslage von...",235 m²,,,,1.925 m²,Einfamilienhaus freistehend,2,1983,Keine zusätzliche Käuferprovision,,,,,,,,,,,,,,,,,,
moderne drei Zimmer Eigentumswohnung mit Balkon und Photovoltaikanlange 9 KW in Rhauderfehn,209.000 €,26817 Niedersachsen - Rhauderfehn,07.07.2024,"# Objektbeschreibung
Dieses Einfamilienhaus wurde 1964 erbaut und steht auf einem sehr schönen...",100 m²,3,2,1,,,,2004,Mit Provision,,,,,,,,Dachgeschosswohnung,,,,,1,,,,,
Besonderes  Ein- Zweifamilienhaus m. großem Wintergarten                               ***DE2218`***,479.000 €,26817 Niedersachsen - Rhauderfehn,07.07.2024,"# Objektbeschreibung
Dieses hochwertige Objekt steht in Aschendorf. Das gepflegte Wohnhaus umfasst...",223 m²,6,,,2.300 m²,Einfamilienhaus freistehend,,1994,Keine zusätzliche Käuferprovision,,,,,,,,,,,,,,,,,,
"*** Gut vermietetes Doppelhaus mit zwei Garagen - gepflegt, renoviert - in bevorzugter Kanallage, unweit vom Zentrum Rhauderfehn ***  K.P. 339.000,00 zzgl. 3,57 % Käuferprovision",339.000 €,26817 Niedersachsen - Rhauderfehn,06.07.2024,"# Objektbeschreibung
Verkauft wird ein laufend durchrenoviertes Wohnhaus aus dem ursprünglichen...","164,50 m²",6,4,2,1.696 m²,Doppelhaushälfte,1,1980,Mit Provision,,,,,,,,,,,,,,,,,,
Zimmer in der Natur WG Leer Ostfriesland ruhige Lage magic,400 € VB,26817 Niedersachsen - Rhauderfehn,06.07.2024,"Sehr geehrte Damen und Herren,

wir freuen uns über Ihr Interesse.

Gerne helfen wir Ihnen dabei...",104 m²,1,1,1,,,,,,,,,,,,,Erdgeschosswohnung,,,,,1,400 €,,,,08
"*** großzügige Gewerbeimmobilie / Ladenfläche im Zentrum von Rhauderfehn, vollständig renoviert !!!/ auch teilbar zu 2 sep. Einheiten ***  K.M. auf Anfrage",1.200 €,26817 Niedersachsen - Rhauderfehn,06.07.2024,"# Objektbeschreibung
**Schickes Neubau-Projekt im absoluten Zentrum von Ihrhove - Westoverledingen,...",,,,,,,,,Provisionsfrei,Mieten,108 m²,,,,,,,,120 €,,,,,,Einzelhandel & Kioske,,
Weideland ca 2 hektar Westoverledingen,3 € VB,26817 Niedersachsen - Rhauderfehn,06.07.2024,"# Objektbeschreibung
Weidegrundstück

Die Maße des Grundstückes betragen:
ca. 272m tief
ca. 47,5m...",,,,,21.000 m²,,,,Keine zusätzliche Käuferprovision,,,Nicht möglich,Land-/Forstwirtschaft,Kaufen,,2024,,,,,,,,,,,
Ferien/Monteurwohnung für bis zu 12 Personen in Ostfriesland,13 €,26817 Niedersachsen - Rhauderfehn,05.07.2024,"Diese schicke Wohnung befindet sich in einer ruhigen, gepflegten Wohngegend mitten im Stadtzentrum...",,,,,,,,,,Mieten,,,,,,,,Inland,,,,,,,,,12
"Niederlande: Im Traum gesehen, das Haus am See!",210.000 €,26817 Niedersachsen - Rhauderfehn,05.07.2024,"# Objektbeschreibung
Hier könnte Ihr Traum Wirklichkeit werden!

Herzlich willkommen in diesem...",75 m²,4,3,2,369 m²,Andere Haustypen,,1994,Keine zusätzliche Käuferprovision,,,,,,,,,,,,,,,,,,
